soc_llegada,soc_salida
25.9994945665908,35.9994945665908
45.0,49.0
21.0,27.0
46.9899999999999,55.0
45.0,54.0
73.0,78.0
31.0,38.0
77.0,79.0
37.0,48.0
56.998,61.0
33.0,41.0
92.0,95.0
22.0,34.0
32.0,40.0
58.9899999999999,66.0
54.0,62.0
33.0,45.0
80.0,87.0
19.0,32.0
20.0,34.0
7.0,17.0
39.0,48.0
19.0,35.99
76.0,85.0
71.99,78.0
68.0,76.0
30.0,38.0
13.0,23.0
17.0,31.0
10.0,25.0
7.0,22.0
53.0,63.0
63.0,75.0
17.99,26.0
34.0,40.0
13.0,25.0
19.0,34.0
54.0,61.0
23.0,43.0
49.0,64.0
17.0,33.0
55.0,61.0
8.0,17.99
51.0,61.0
39.0,49.0
11.0,26.0
33.0,46.9899999999999
48.0,58.9899999999999
8.99,30.0
12.0,34.0
28.9999999999999,41.0
65.0,78.0
28.9999999999999,40.0
7.0,23.0
15.0,26.0
64.0,68.99
16.0,32.0
58.9899999999999,73.0
71.99,80.0
35.0,52.0
13.0,34.0
46.9899999999999,61.0
30.0,40.0
23.0,43.0
35.0,66.0
3.0,24.0
95.0,100.0
68.0,84.0
45.0,62.0
8.99,24.0
57.9999999999999,68.99
76.0,86.0
61.0,80.0
57.9999999999999,71.99
64.0,80.0
8.99,25.0
49.0,60.0
21.0,43.0
23.0,51.0
68.0,86.0
8.99,32.0
40.0,61.0
32.0,50.0
61.0,70.0
26.0,48.0
73.0,79.0
56.9899999999999,66.0
61.0,78.0
8.99909963985594,34.9984993997599
23.0,37.0
49.0,52.0
28.9999999999999,42.0
21.0,45.0
32.0,52.0
63.0,76.0
16.0,32.0
11.0,19.0
22.0,28.0
52.0,68.0
61.0,76.0
28.0,43.0
52.0,71.0
28.9992291880781,37.9997430626927
62.0,77.0
27.0,44.0
53.0,64.0
39.0,56.0
15.0,39.0
30.0,46.0
26.0,43.0
17.99,35.0
25.0,43.0
15.0,28.0
56.9899999999999,70.0
44.0,55.0
35.9987113402061,50.0
17.0,45.0
60.0,71.0
22.0,50.0
17.0,46.9899999999999
70.0,90.0
70.0,100.0
30.0,42.0
35.99,51.0
8.0,16.0
6.0,21.0
22.0,46.9899999999999
41.0,54.0
35.0,63.0
82.998732572877,89.0
77.0,90.0
32.0,58.9899999999999
21.0,49.0
65.0,88.0
10.0,41.0
38.0,58.9899999999999
21.0,55.0
35.99,54.0
17.0,40.0
27.0,55.0
34.0,50.0
63.0,74.9986979166666
24.0,48.0
35.99,61.0
60.0,74.0
70.0,89.0
58.9899999999999,71.99
28.0,51.0
16.0,37.0
50.0,64.0
8.99,34.0
65.0,77.0
26.0,54.0
12.0,22.0
51.0,80.0
16.0,50.0
35.99,50.0
21.0,50.0
15.0,37.0
35.0,63.0
27.0,43.0
28.0,45.0
40.0,64.0
48.0,62.0
15.0,48.0
26.0,55.0
27.0,57.9999999999999
6.0,37.0
22.0,50.0
15.0,50.0
15.0,51.0
49.0,63.0
42.0,46.9899999999999
56.0,66.0
32.0,50.0
8.99,39.0
18.0,38.0
15.0,32.0
2.0,25.0
35.99,81.0
48.0,54.0
11.0,35.0
28.9999999999999,40.0
93.0,100.0
1.0,28.9999999999999
82.9997430626927,90.0
86.0,99.0
40.0,70.0
81.0,90.0
13.0,35.99
66.0,80.0
16.0,48.0
35.0,53.0
24.0,41.0
22.0,40.0
37.0,54.0
31.0,62.0
21.0,35.99
31.0,61.0
48.0,64.0
21.0,46.0
81.0,90.0
71.9990054699154,81.9990054699154
33.0,63.0
15.0,49.0
55.0,84.0
35.0,63.0
46.9899999999999,85.0
13.0,35.0
11.0,45.0
17.0,47.0
11.0,41.0
20.0,40.0
17.0,50.0
56.9899999999999,73.0
30.0,53.0
30.0,58.9899999999999
31.0,66.0
68.0,100.0
16.0,51.0
12.0,45.0
20.0,41.0
52.0,70.0
2.0,12.0
34.0,60.0
28.9999999999999,56.9899999999999
11.0,41.0
23.0,55.0
56.0,71.0
64.0,86.0
49.0,70.0
25.0,62.0
5.0,49.0
46.9899999999999,68.0
27.9997427321842,50.0
54.0,79.0
25.0,53.0
51.0,88.0
17.0,38.0
34.0,60.0
12.0,53.0
65.0,93.99
21.0,48.0
33.0,57.9999999999999
10.0,42.0
46.9899999999999,80.0
11.0,46.0
28.0,56.998
60.0,82.0
51.0,79.0
34.0,49.0
24.0,44.0
71.99,91.0
35.0,57.9999999999999
26.0,46.0
21.0,46.9899999999999
32.0,65.0
66.9990054699154,80.0
80.9995027349577,90.0
25.0,46.0
79.0,93.0
19.0,32.0
50.0,71.0
40.0,60.0
81.0,97.0
48.0,58.9899999999999
48.0,77.0
14.0,39.0
37.0,64.0
12.0,39.0
23.0,62.0
62.0,79.0
12.0,45.0
44.0,90.0
30.0,57.9999999999999
14.0,38.0
64.0,81.0
16.9989916813713,45.0
31.0,61.0
35.0,68.0
21.0,54.0
20.0,53.0
14.0,28.9999999999999
28.9999999999999,78.0
76.0,85.0
4.0,44.0
68.0,89.0
16.0,44.0
54.0,75.0
40.0,62.0
53.0,90.0
16.0,43.0
42.0,67.0
74.0,90.0
22.0,62.0
23.0,40.0
32.0,53.0
13.0,52.0
12.0,41.0
28.0,53.0
51.0,70.0
12.0,54.0
19.0,33.0
67.0,84.0
16.0,33.0
23.0,49.0
16.0,49.0
61.0,71.0
53.0,71.99
16.0,57.9999999999999
93.99,99.0
78.0,87.0
14.0,54.0
38.0,75.0
16.0,54.0
71.99,88.0
64.0,80.0
38.0,78.0
42.0,81.0
48.0,84.0
2.0,17.99
33.0,61.0
13.0,23.0
17.99,50.0
67.0,82.99
28.0,60.0
13.0,49.0
40.0,57.9999999999999
17.0,46.0
32.0,49.0
41.0,80.0
34.9946524064171,50.9946524064171
19.0,58.9899999999999
15.0,60.0
38.0,68.99
26.0,48.0
77.9997513674788,90.0
63.0,95.0
11.0,54.0
8.99,32.0
16.0,67.0
32.0,67.0
56.9899999999999,80.0
30.999415546464,71.9988310929281
48.0,71.0
17.99,57.9999999999999
10.0,58.9899999999999
43.0,72.0
20.0,60.0
5.0,49.0
7.0,49.0
44.0,66.0
26.0,63.0
20.0,52.0
55.0,93.0
35.0,66.0
78.0,89.0
49.0,74.0
49.0,81.0
28.0,58.9899999999999
41.0,68.99
43.0,86.0
34.0,67.0
21.0,33.0
56.9899999999999,77.0
10.0,51.0
25.0,72.0
71.99,100.0
16.0,34.0
38.0,60.0
40.0,64.0
33.9992057188244,62.9997352396081
88.0,100.0
74.0,87.0
44.0,80.0
45.0,69.9987063389392
10.0,41.0
63.9992541024365,80.9995027349577
14.0,54.0
53.0,79.0
64.0,93.99
60.0,80.0
28.0,84.0
24.0,67.0
44.0,70.0
10.0,55.0
40.0,80.0
35.0,80.0
13.0,50.0
18.0,50.0
53.0,70.0
8.99,46.9899999999999
11.0,56.0
28.0,61.0
56.9899999999999,81.0
30.0,87.0
71.99,85.0
25.0,73.0
21.0,50.0
47.0,73.0
22.0,51.0
34.0,80.0
3.0,49.0
38.0,73.0
42.0,77.0
60.0,80.0
26.0,63.0
23.0,60.0
14.0,51.0
42.0,85.0
55.0,75.0
71.0,89.0
21.0,53.0
55.0,85.0
54.0,74.0
50.0,92.0
26.0,74.0
2.0,43.0
22.0,49.0
35.99,62.0
52.0,90.0
48.0,75.0
10.0,54.0
20.0,66.0
92.0,97.0
81.0,100.0
65.0,90.0
42.0,82.0
44.0,78.0
26.0,70.0
38.0,100.0
28.9999999999999,62.0
34.0,89.0
30.0,62.0
65.0,89.0
26.0,72.0
5.0,33.0
10.0,35.99
30.0,58.9899999999999
56.9899999999999,74.0
32.0,61.0
17.0,53.0
17.0,23.0
44.0,75.0
16.0,51.0
8.0,56.0
50.0,67.0
41.0,70.0
8.0,61.0
86.0,100.0
28.0,67.0
75.0,96.0
46.9899999999999,81.0
28.9999999999999,80.0
25.0,50.0
32.0,80.0
56.0,91.0
68.0,99.0
34.0,70.0
37.0,100.0
33.0,71.0
4.0,46.0
48.0,81.0
63.0,80.0
23.0,44.0
75.0,89.0
34.0,81.0
6.0,55.0
44.0,81.0
35.99,61.0
27.0,64.0
13.0,61.0
31.0,80.0
25.0,63.0
25.0,61.0
35.99,64.0
39.0,70.0
23.9991245987744,70.0
31.0,80.0
7.0,55.0
75.0,90.0
8.99,43.0
32.9997513674788,65.9995027349577
0.0,48.0
37.0,67.0
42.0,68.99
30.0,71.0
48.0,78.0
31.0,80.0
15.0,50.0
17.0,51.0
24.0,52.0
42.0,74.0
6.0,57.9999999999999
28.9999999999999,63.0
10.0,63.0
28.0,80.0
43.0,76.0
74.0,90.0
34.0,82.0
10.0,46.9899999999999
87.0,100.0
40.0,97.0
57.9999999999999,87.0
39.0,82.99
56.9899999999999,80.0
42.0,86.0
37.0,89.0
35.0,82.99
22.0,61.0
35.0,60.0
39.0,73.0
40.0,98.0
32.0,60.0
24.0,55.0
26.0,56.0
17.99,53.0
1.0,28.0
49.0,71.0
13.0,66.0
49.0,73.0
33.0,78.0
46.0,78.0
56.0,93.0
28.9999999999999,75.0
30.0,76.0
73.0,91.0
22.0,72.9987096774193
8.0,56.0
17.99,64.0
75.0,90.0
15.9994939271255,50.0
11.0,41.0
26.0,50.0
40.0,82.0
33.0,60.0
91.0,99.0
41.0,71.0
37.0,92.0
17.0,52.0
11.0,60.0
45.0,73.0
86.0,99.0
70.0,85.0
3.0,55.0
27.0,76.0
73.0,90.0
14.0,71.0
37.0,70.0
68.0,84.0
56.9899999999999,90.0
38.0,87.0
23.0,46.9899999999999
20.0,62.0
43.0,70.0
35.0,68.99
23.0,98.0
17.0,49.0
40.0,73.0
6.0,56.0
19.0,66.0
80.0,89.0
33.0,82.0
55.0,85.9994189424753
11.0,68.0
73.9992541024366,90.0
34.0,83.0
17.0,73.0
50.0,80.0
56.9990054699154,80.9995027349577
35.99,82.99
28.9999999999999,100.0
31.0,78.0
28.9999999999999,71.99
43.0,82.0
17.0,45.0
12.0,49.0
8.0,46.0
61.0,87.0
41.0,84.0
51.0,91.0
26.0,70.0
87.0,100.0
75.0,90.0
38.0,82.0
8.0,81.0
71.99,89.0
48.0,84.0
30.0,79.0
10.0,65.0
41.0,82.0
53.0,79.0
27.0,81.0
35.99,67.0
10.0,57.9999999999999
17.0,64.0
21.0,61.0
44.0,89.0
46.9899999999999,70.0
24.0,60.0
30.0,100.0
22.0,58.9899999999999
20.0,80.0
5.0,40.0
50.0,80.0
64.0,100.0
32.0,94.0
56.0,84.0
32.0,86.0
63.0,92.0
56.0,90.0
46.0,75.0
13.0,46.9899999999999
17.0,80.0
27.9997447025785,67.9997447025785
51.0,87.0
11.0,23.0
73.0,89.0
27.0,79.0
11.0,44.0
31.0,60.0
28.9999999999999,76.0
17.99,98.0
44.0,93.99
23.0,73.0
48.0,90.0
52.0,81.0
5.0,40.0
73.0,100.0
26.0,100.0
38.0,82.99
61.0,86.0
51.0,96.0
11.0,68.99
8.0,51.0
17.0,58.9899999999999
76.0,92.0
42.0,82.99
24.0,40.0
19.0,60.0
11.0,43.0
39.0,84.0
8.0,95.0
19.0,80.0
46.9989761965702,77.9997440491425
44.0,93.0
25.0,80.0
56.0,97.0
4.0,37.0
26.0,58.9899999999999
49.0,80.0
21.0,79.0
71.9990054699154,90.0
21.0,81.0
8.99,50.0
26.0,78.0
35.99,80.0
46.9899999999999,80.0
16.0,60.0
28.0,76.0
49.0,80.0
39.0,61.0
28.9999999999999,70.0
8.99,63.0
28.0,68.0
28.9999999999999,71.99
8.99,57.9999999999999
40.0,67.0
33.0,66.0
45.0,82.0
24.0,64.0
50.0,75.0
40.0,71.0
36.0,80.0
32.0,84.0
8.99,35.0
26.0,74.0
21.0,82.0
32.0,81.0
11.0,66.0
12.0,56.0
40.9994801143748,87.9997400571874
87.0,100.0
32.0,61.0
28.9999999999999,89.0
22.0,100.0
57.9999999999999,80.0
24.0,70.0
43.0,90.0
26.0,74.0
44.0,81.0
41.0,88.0
20.0,63.0
19.0,46.0
28.9999999999999,82.99
12.0,45.0
54.0,80.0
86.0,100.0
56.0,80.0
26.9990042320139,70.0
44.0,90.0
34.0,93.99
38.0,90.0
27.0,79.0
22.0,82.0
48.0,82.99
70.9995027349577,90.0
4.0,64.0
25.0,84.0
43.0,92.0
46.0,88.0
34.0,70.0
14.0,80.0
1.0,58.9899999999999
26.0,62.0
46.9899999999999,80.0
11.0,77.997619047619
28.0,70.0
33.0,84.997619047619
46.0,75.0
50.0,80.0
26.0,93.99
16.0,59.0
31.0,68.99
39.0,84.0
43.0,100.0
32.0,76.0
46.9899999999999,80.0
21.9990029910269,55.0
48.0,100.0
50.0,100.0
23.0,68.99
12.0,48.0
23.0,85.0
16.0,80.0
49.0,80.0
13.0,46.0
27.0,67.0
22.0,100.0
26.0,61.0
50.0,87.0
17.0,35.99
50.0,93.99
52.0,86.0
41.0,64.0
68.0,92.0
32.0,70.0
44.0,74.0
34.0,92.0
46.0,96.0
52.0,90.0
41.0,89.0
16.0,100.0
51.0,90.0
43.0,80.0
27.0,81.0
34.0,82.99
40.0,80.0
38.0,80.0
63.0,91.0
52.0,90.0
41.0,90.0
8.99,80.0
77.999707773232,95.0
31.0,80.0
15.0,61.0
40.0,85.0
45.0,89.0
27.0,57.9999999999999
17.99,71.99
35.99,80.0
13.0,62.0
16.0,65.0
40.0,79.0
46.0,80.0
28.9999999999999,74.0
35.0,84.0
37.0,95.0
49.0,84.0
17.0,79.0
2.0,65.0
17.99,79.0
25.0,73.0
68.0,90.0
46.0,80.0
28.9999999999999,78.0
43.0,80.0
46.0,80.0
75.0,100.0
15.0,80.0
39.0,93.0
39.0,80.0
46.9899999999999,90.0
13.0,100.0
45.0,88.0
21.0,90.0
13.0,100.0
17.99,63.0
19.0,79.0
8.0,65.0
28.9999999999999,79.0
33.0,80.0
35.99,89.0
34.0,76.0
57.9999999999999,84.0
17.99,75.0
26.0,74.0
57.9999999999999,100.0
39.0,88.0
16.0,77.0
43.0,80.0
11.0,66.0
32.0,80.0
20.0,100.0
33.0,95.0
16.0,93.99
49.0,87.0
54.0,79.0
23.0,60.0
46.9899999999999,80.0
45.0,80.0
34.0,79.0
45.0,80.0
28.9999999999999,68.99
43.0,80.0
44.0,100.0
17.99,71.0
32.0,70.0
3.0,98.0
42.0,70.0
38.0,87.0
13.0,52.0
2.0,54.0
27.0,82.0
68.0,90.0
19.0,79.0
20.9995039682539,72.9997519841269
74.0,97.0
25.0,75.0
46.0,87.0
14.0,74.0
28.0,71.99
39.0,77.0
38.0,82.99
52.0,89.0
70.0,94.0
45.0,80.0
41.0,88.0
4.0,65.0
56.9899999999999,88.0
56.9899999999999,92.0
46.9899999999999,78.0
15.0,71.0
33.0,89.0
20.0,89.0
11.0,76.0
35.99,84.0
31.9989575188949,85.9994787594474
21.0,90.0
85.0,100.0
28.0,79.0
14.0,73.0
78.0,99.0
51.0,88.0
34.0,80.0
46.0,89.0
34.0,80.0
32.0,80.0
52.0,92.0
27.0,80.0
37.0,79.0
53.0,85.0
33.0,74.0
45.0,98.0
15.0,66.0
12.0,46.0
22.0,67.0
8.0,100.0
44.0,80.0
70.0,94.0
58.9899999999999,86.0
32.0,86.0
13.0,60.0
7.0,100.0
44.0,80.0
5.0,100.0
46.9899999999999,81.0
11.0,100.0
16.0,90.0
56.0,89.0
42.0,90.0
34.0,80.0
41.0,90.0
43.0,77.0
38.0,90.0
37.0,80.0
39.0,90.0
17.0,80.0
17.0,84.0
28.0,71.99
39.0,89.0
38.0,91.0
4.0,79.0
22.0,75.0
13.0,85.0
12.0,79.0
49.0,89.0
33.0,78.0
24.0,82.0
85.0,100.0
48.0,89.0
73.0,100.0
1.0,100.0
1.0,98.0
53.0,90.0
66.0,89.0
46.0,75.0
37.0,84.0
23.0,84.0
5.0,70.0
31.0,81.0
39.0,85.0
85.0,98.0
46.9899999999999,80.0
32.0,56.0
27.0,80.0
81.0,99.0
6.0,80.0
53.0,82.0
22.0,88.0
26.0,81.0
44.0,85.0
32.0,80.0
6.0,100.0
27.0,79.0
16.0,73.0
46.0,81.0
54.0,91.0
62.0,96.0
39.0,82.0
40.0,100.0
17.99,90.0
45.0,84.0
37.0,80.0
34.0,73.0
50.0,89.0
58.9899999999999,93.0
42.0,73.0
46.0,96.0
7.0,100.0
80.0,100.0
28.0,84.0
24.0,80.0
13.0,75.0
58.9899999999999,90.0
43.0,100.0
53.9992541024366,85.0
37.9997516761857,80.0
22.0,85.0
42.0,93.99
27.0,86.0
27.0,84.0
42.9997513674788,80.0
27.0,80.0
63.9992531740104,90.0
25.0,81.0
19.0,73.0
32.0,76.0
30.0,75.0
27.0,95.0
28.9999999999999,82.0
15.0,68.0
73.0,99.0
31.0,80.0
21.0,69.0
26.0,81.0
35.99,79.0
54.0,89.0
87.0,100.0
37.0,86.0
35.0,76.0
49.0,91.0
46.0,82.99
50.0,86.0
2.0,70.0
22.0,79.0
37.0,90.0
51.0,90.0
3.0,100.0
46.9899999999999,80.0
23.0,75.0
1.0,100.0
44.0,93.0
26.0,80.0
21.0,79.0
26.0,79.0
50.0,86.0
25.0,66.0
14.0,74.0
62.0,93.99
21.0,68.0
51.0,82.99
20.0,57.9999999999999
61.0,90.0
19.0,82.0
56.0,80.0
34.0,80.0
19.0,84.0
14.0,81.0
1.0,100.0
1.0,100.0
15.0,88.0
13.0,75.0
28.998,88.0
1.0,98.0
22.0,76.0
19.0,78.0
68.99,90.0
16.0,80.0
35.99,90.0
25.0,89.0
30.0,85.0
30.0,80.0
22.0,84.0
44.0,89.0
50.0,87.0
68.99,95.0
46.0,91.0
21.0,81.0
1.0,100.0
25.0,85.0
28.0,80.0
35.0,90.0
5.0,100.0
24.0,80.0
56.9899999999999,82.0
65.0,100.0
24.0,86.0
1.0,64.0
28.9999999999999,62.0
35.0,80.0
14.0,73.0
20.0,56.9899999999999
27.0,77.0
25.0,87.0
57.9999999999999,97.0
33.0,93.0
39.0,77.0
50.0,100.0
54.0,100.0
37.0,90.0
33.0,90.0
35.99,90.0
13.0,78.0
33.0,91.0
23.0,93.99
24.0,93.99
23.0,80.0
30.0,84.0
16.0,80.0
20.0,80.0
1.0,98.0
46.9899999999999,80.0
6.0,68.99
22.0,79.0
44.0,66.0
68.99,90.0
25.0,80.0
38.0,89.0
32.0,100.0
38.0,82.99
28.0,87.0
83.0,95.0
46.0,97.0
62.0,89.0
30.0,81.0
7.0,100.0
16.0,91.0
22.0,65.0
7.0,70.0
53.0,89.0
57.9999999999999,91.0
28.998,78.0
1.0,100.0
8.0,100.0
23.0,82.0
51.0,89.0
46.9899999999999,91.0
50.0,77.0
28.9999999999999,80.0
71.99,100.0
44.0,96.0
7.0,78.0
31.0,80.0
28.0,68.99
42.0,82.99
10.0,90.0
34.0,90.0
39.0,95.0
14.0,87.0
38.0,89.0
34.0,80.0
38.0,79.0
28.0,71.0
51.0,100.0
68.99,95.0
25.0,93.0
26.0,76.0
25.0,81.0
32.0,85.0
20.0,87.0
24.0,95.0
11.0,71.99
49.0,79.0
22.0,75.0
50.0,96.0
30.0,87.0
34.0,80.0
41.0,90.0
35.0,100.0
37.0,80.0
77.0,100.0
38.0,81.0
56.9899999999999,93.99
50.0,80.0
37.0,67.0
15.0,52.0
24.0,63.0
30.0,90.0
14.0,76.0
6.0,88.0
46.0,95.0
16.0,70.0
40.0,93.99
16.0,90.0
30.0,100.0
19.0,89.0
40.0,87.0
11.0,82.0
53.0,90.0
55.0,93.99
10.0,82.99
11.0,89.0
28.998,79.0
14.0,79.0
44.0,74.0
32.0,89.0
58.9899999999999,90.0
42.0,89.0
13.0,80.0
53.0,99.0
44.0,84.0
48.0,93.0
56.9899999999999,88.0
11.0,67.0
42.0,99.0
10.0,68.0
3.0,66.0
28.9999999999999,67.0
17.99,82.0
22.0,91.0
17.99,84.0
26.0,90.0
23.0,90.0
13.0,80.0
21.0,90.0
6.0,82.99
46.9899999999999,89.0
59.0,90.0
27.0,74.0
56.0,90.0
23.0,75.0
8.99,89.0
12.0,91.0
40.0,91.0
25.0,87.0
38.0,89.0
50.0,89.0
34.0,89.0
8.0,82.99
64.0,93.0
41.0,89.0
70.0,99.0
37.0,92.0
32.9997397188964,90.0
20.0,89.0
27.0,86.0
30.0,82.99
37.0,81.0
17.0,90.0
7.0,80.0
38.0,84.0
4.0,62.0
26.0,80.0
16.0,68.0
23.0,84.997619047619
39.0,80.0
2.0,80.0
30.0,89.0
54.0,80.0
20.0,80.0
42.0,100.0
51.0,98.0
14.0,91.0
46.0,91.0
14.0,86.0
22.0,79.9987546699875
20.0,85.0
28.0,91.0
27.0,91.0
46.0,93.99
21.0,73.0
5.0,56.0
28.0,91.0
21.0,80.0
17.99,82.0
16.0,80.0
44.0,99.0
35.0,80.0
66.0,96.0
42.0,82.0
6.0,75.0
12.0,82.99
51.0,54.0
84.0,93.99
28.0,89.0
17.99,75.0
52.0,99.0
33.0,83.0
27.0,85.0
8.99,63.0
42.0,100.0
26.0,80.0
38.0,100.0
45.0,89.0
49.0,82.0
42.0,64.0
12.0,73.0
30.0,80.0
20.0,61.0
51.0,98.0
49.0,98.0
35.99,90.0
47.9997513674788,87.9997513674788
12.0,88.0
49.0,94.0
17.0,96.0
24.0,80.0
24.0,90.0
57.9999999999999,90.0
46.0,93.99
11.0,84.0
35.0,79.0
26.0,77.0
49.0,92.0
27.0,89.0
26.0,86.0
35.0,81.0
46.9899999999999,78.0
17.0,82.0
15.0,89.0
70.0,100.0
26.0,92.0
15.0,80.0
5.0,81.0
34.0,87.0
52.0,100.0
37.0,82.0
27.0,80.0
40.9956140350877,67.0
41.0,84.0
21.0,89.0
30.0,89.0
26.0,57.9999999999999
14.0,77.0
81.0,99.0
41.0,100.0
22.0,92.0
68.0,92.0
31.0,77.0
46.9899999999999,97.0
28.998,89.0
52.0,90.0
25.0,71.99
1.0,100.0
22.0,86.0
37.0,89.0
7.0,80.0
31.0,89.0
28.0,80.0
50.0,90.0
54.0,88.0
17.99,87.0
45.0,90.0
8.0,74.0
73.0,99.0
10.0,80.0
14.0,87.0
63.0,100.0
16.0,80.0
32.0,80.0
17.99,82.0
11.0,80.0
67.0,95.0
64.0,98.0
11.0,82.0
50.0,64.0
46.0,100.0
13.0,93.0
21.0,82.0
56.0,90.0
45.0,90.0
17.0,75.0
33.0,100.0
53.0,87.0
20.0,82.0
19.0,90.0
12.0,89.0
25.0,80.0
46.9899999999999,82.0
13.0,90.0
27.0,80.0
53.0,90.0
46.9899999999999,91.0
24.0,92.0
23.0,82.0
68.99,99.0
24.0,88.0
40.0,90.0
41.0,91.0
43.0,80.0
43.0,90.0
24.0,89.0
51.0,88.0
46.0,85.0
30.0,89.0
28.9999999999999,67.0
21.0,90.0
32.0,92.0
13.0,97.0
11.0,85.0
38.0,87.0
30.0,90.0
21.0,89.0
10.0,71.99
15.0,80.0
31.0,89.0
32.0,80.0
45.0,100.0
24.0,99.0
5.0,92.0
45.0,99.0
42.0,95.0
16.0,88.0
38.0,83.0
16.0,78.0
23.0,89.0
23.0,80.0
21.0,93.99
32.0,91.0
33.0,90.0
35.0,93.99
80.0,99.0
34.0,94.0
23.0,92.0
12.0,89.0
13.0,89.0
56.9899999999999,89.0
17.99,91.0
54.0,90.0
17.0,86.0
25.0,89.0
38.0,85.0
8.0,84.0
32.0,84.0
37.0,82.99
28.9999999999999,85.0
28.0,80.0
25.0,84.0
17.0,89.0
24.0,80.0
31.0,71.99
55.0,87.0
53.0,86.0
11.0,82.0
30.0,57.9999999999999
44.0,99.0
20.0,96.0
40.0,80.0
28.9999999999999,98.0
16.0,98.0
24.0,100.0
31.0,100.0
20.0,98.0
40.0,95.0
19.0,86.0
24.0,90.0
21.0,90.0
35.0,90.0
17.99,89.0
37.0,78.0
45.0,90.0
80.0,99.0
17.99,100.0
71.99,100.0
30.0,89.0
8.0,89.0
28.9999999999999,82.0
35.99,90.0
12.0,89.0
13.0,95.0
64.0,100.0
24.0,90.0
45.0,100.0
51.0,91.0
28.0,80.0
35.99,76.0
17.99,54.0
68.99,99.0
40.0,95.0
11.0,80.0
28.9999999999999,85.0
46.0,95.0
5.0,80.0
25.0,95.0
49.0,95.0
33.0,100.0
11.9989696032972,80.0
15.0,93.99
30.0,95.0
55.0,96.0
58.9899999999999,99.0
15.0,87.0
23.0,100.0
24.0,80.0
12.0,84.0
81.0,97.0
53.0,93.99
22.0,100.0
30.0,89.0
68.0,92.0
66.0,89.0
20.0,92.0
42.0,95.0
52.0,99.0
5.0,79.0
50.0,95.0
44.0,93.99
40.0,98.0
64.0,100.0
56.0,100.0
17.99,80.0
22.0,98.0
48.0,96.0
34.0,88.0
26.0,80.0
28.9999999999999,92.0
48.0,80.0
28.9999999999999,92.0
73.0,98.0
5.0,54.0
28.9999999999999,93.0
15.0,92.0
21.0,81.0
25.0,92.0
44.0,80.0
33.0,86.0
7.0,84.0
20.0,98.0
68.0,95.0
31.0,90.0
31.0,93.99
14.0,90.0
15.0,76.9990079365079
26.0,86.0
28.9999999999999,94.0
27.0,97.0
17.0,82.99
16.0,100.0
17.99,71.0
52.0,100.0
8.0,58.9899999999999
14.0,92.0
39.0,99.0
19.0,100.0
17.0,98.0
27.0,89.0
33.0,90.0
23.0,90.0
37.0,82.99
7.0,91.0
40.0,90.0
17.0,86.0
10.0,84.0
20.0,93.99
48.0,90.0
66.0,100.0
5.0,74.0
56.0,85.0
28.0,80.0
10.0,97.0
49.0,100.0
5.0,92.0
74.0,100.0
47.0,96.0
49.0,100.0
75.0,100.0
27.0,90.0
30.0,96.0
35.0,93.99
44.0,82.99
35.0,98.0
63.0,90.0
28.9999999999999,83.0
10.0,92.0
17.0,100.0
25.0,89.0
53.0,95.0
40.0,86.0
52.0,100.0
8.0,81.0
17.99,81.0
14.0,92.0
48.0,99.0
34.0,99.0
56.9899999999999,90.0
7.0,93.0
25.0,90.0
20.0,90.0
23.0,94.0
31.0,88.0
41.0,99.0
35.0,82.99
69.0,96.0
65.0,100.0
56.0,95.0
24.0,90.0
12.0,100.0
46.9899999999999,86.0
33.0,92.0
34.0,95.0
23.0,86.0
30.0,95.0
21.0,98.0
28.9999999999999,98.0
32.0,90.0
11.0,84.0
17.0,86.0
15.0,100.0
13.0,100.0
35.99,99.0
28.0,93.99
23.0,90.0
33.0,93.99
28.0,99.0
50.0,79.0
61.0,99.0
53.0,100.0
44.0,100.0
20.0,85.0
46.9899999999999,100.0
63.0,100.0
26.0,99.0
20.0,93.0
10.0,100.0
23.0,91.0
31.9990054699154,90.0
51.0,100.0
22.0,95.0
20.0,66.0
26.0,99.0
13.0,95.0
40.0,90.0
81.0,100.0
4.0,75.0
8.99,78.0
19.0,90.0
16.0,89.0
56.9899999999999,99.0
51.0,100.0
10.0,78.0
16.0,97.0
51.0,98.0
39.0,89.0
8.0,80.0
17.0,93.99
26.0,97.0
50.0,100.0
36.0,98.0
61.0,99.0
56.0,100.0
16.0,91.0
56.9899999999999,95.0
17.99,90.0
71.0,95.0
27.0,99.0
25.0,82.99
41.0,100.0
58.9899999999999,100.0
22.0,90.0
23.0,67.0
86.0,99.0
22.0,89.0
15.0,100.0
24.0,90.0
25.0,99.0
33.0,89.0
17.99,100.0
21.0,99.0
50.0,100.0
32.0,95.0
46.9899999999999,88.0
17.99,89.0
35.0,99.0
0.0,93.0
7.0,93.0
25.0,81.0
11.998964267219,89.9987053340238
33.0,87.0
44.0,99.0
27.0,93.99
25.0,82.0
39.0,88.0
10.0,75.0
39.0,88.0
7.0,73.0
34.0,82.99
58.9899999999999,92.0
50.0,89.0
28.9999999999999,99.0
11.0,93.99
8.0,86.0
2.0,87.0
74.0,100.0
16.0,93.99
23.0,93.99
52.0,100.0
22.0,85.0
76.0,99.0
23.0,96.0
43.0,92.0
37.0,87.0
38.0,100.0
43.0,100.0
38.0,93.99
57.9999999999999,100.0
23.0,99.0
48.0,92.0
48.0,100.0
12.0,86.0
22.0,99.0
46.0,98.0
49.0,100.0
33.9992494370778,90.9994996247185
16.0,82.99
34.0,98.0
21.0,98.0
16.0,93.99
32.0,82.0
19.0,85.0
30.0,100.0
34.0,100.0
24.0,82.99
40.0,90.0
49.0,100.0
48.0,93.0
53.0,100.0
16.0,94.0
8.0,100.0
30.0,53.0
25.0,54.0
39.0,95.0
37.0,100.0
43.0,100.0
15.0,100.0
50.0,100.0
75.0,100.0
17.99,99.0
44.0,99.0
10.0,99.0
55.0,100.0
16.0,97.0
19.0,87.0
42.0,100.0
21.0,86.0
20.0,85.0
21.0,97.0
14.0,86.0
62.0,86.0
17.99,99.0
25.0,84.0
25.0,90.0
50.0,92.0
10.0,77.0
10.0,87.9997469635627
39.0,90.0
45.0,97.0
24.0,85.0
22.0,90.0
16.0,97.0
53.0,100.0
31.0,90.0
64.0,90.0
37.0,93.0
24.0,92.0
20.0,99.0
49.0,97.0
3.0,95.0
13.0,100.0
30.0,100.0
12.0,95.0
15.0,99.0
23.0,96.0
28.0,89.0
24.0,77.0
19.0,97.0
17.99,100.0
54.0,100.0
14.0,79.0
19.0,95.0
23.0,89.0
8.99,81.0
44.0,91.0
25.0,85.0
26.0,100.0
33.0,99.0
22.0,90.0
20.0,100.0
34.0,93.0
15.0,96.0
37.0,99.0
51.0,100.0
17.99,98.0
46.0,93.99
49.0,99.0
6.0,91.0
20.0,99.0
21.0,98.0
42.0,90.0
55.0,99.0
20.0,100.0
46.9899999999999,100.0
76.0,100.0
8.0,100.0
33.0,100.0
19.0,81.0
22.0,90.0
55.0,100.0
68.99,99.0
43.0,96.0
12.0,93.99
75.0,97.0
17.99,95.0
49.0,97.0
3.0,100.0
35.99,100.0
26.0,97.0
44.0,99.0
38.0,100.0
35.99,96.0
37.0,90.0
54.0,99.0
15.0,100.0
25.0,69.0
20.0,100.0
31.0,99.0
73.0,98.0
1.0,82.99
29.9946524064171,82.9946524064171
6.0,96.0
40.0,93.99
32.0,98.0
28.0,69.9956140350877
27.0,100.0
21.0,84.0
14.0,80.0
39.0,100.0
55.0,99.0
21.0,97.0
32.0,100.0
21.0,100.0
12.0,98.0
46.9899999999999,100.0
8.99,87.0
28.9946524064171,82.9946524064171
50.999415546464,100.0
44.0,85.0
47.0,100.0
68.99,99.0
11.0,100.0
28.9999999999999,90.0
15.0,91.0
21.0,100.0
24.0,100.0
40.0,89.0
68.0,100.0
54.0,100.0
19.0,92.0
31.0,91.0
71.0,99.0
8.99,100.0
30.0,100.0
60.0,99.0
3.0,99.0
19.0,93.0
8.99,99.0
14.0,97.0
44.0,95.0
37.0,62.0
19.0,100.0
50.0,98.0
33.0,95.0
15.0,91.0
26.0,97.0
11.0,100.0
7.0,99.0
19.0,87.0
7.0,98.0
49.0,100.0
46.9990017469428,95.9995008734714
20.0,100.0
39.0,99.0
35.0,95.0
48.0,79.0
8.99,100.0
8.99,95.0
54.0,99.0
15.0,100.0
16.0,100.0
6.0,93.99
13.0,90.0
33.0,98.0
11.0,98.0
51.0,82.0
12.0,99.0
48.0,100.0
28.0,100.0
54.0,100.0
37.0,100.0
35.99,98.0
15.0,100.0
46.0,87.0
30.0,100.0
25.0,87.0
53.0,90.0
41.0,100.0
28.998,100.0
24.0,100.0
19.0,99.0
26.0,99.0
7.0,99.0
20.0,97.0
13.0,89.0
46.9899999999999,99.0
32.0,99.0
2.0,98.0
21.0,99.0
15.0,100.0
33.0,75.0
20.0,99.0
19.0,95.0
20.0,100.0
42.0,92.0
47.9997488699146,100.0
11.0,93.99
40.0,100.0
27.0,84.0
31.9987113402061,100.0
16.0,97.0
33.0,96.0
20.0,97.0
51.0,98.0
25.0,93.99
6.0,100.0
3.0,100.0
