Version,Escenario,KPI,N,Ref_media,Ver_media,Dif,Dif_mediana,Dif_pct,Gana_ver,p_t,p_rank
A_8_semana,TODOS,Coste_Neto,20,-390.84732222864,-390.922500013982,-0.075177785342062,0,-0.0192345657924411,1,0.329876800921124,NaN
A_8_semana,TODOS,Coste_corregido,20,-376.72070143246,-376.79584821997,-0.0751467875098797,0,-0.0199476129727244,1,0.329876800921124,NaN
A_8_semana,TODOS,Coste_total_H2,20,-375.04069323406,-375.16384025581,-0.123147021750345,0,-0.0328356426307825,3,0.176796219391306,NaN
A_8_semana,TODOS,V_terminal,20,-14.1266207961795,-14.1266517940117,-3.09978321825e-05,0,-0.000219428500486707,0,0.329876800921124,NaN
A_8_semana,TODOS,E_Import_Red,20,1320.32199568236,1320.5953932422,0.273397559835792,0,0.0207068851939026,0,0.329876800921125,NaN
A_8_semana,TODOS,E_Export_Red,20,14013.8609636433,14014.0257966726,0.164833029272199,0,0.00117621424744995,NaN,0.329876800921124,NaN
A_8_semana,TODOS,Autarquia_pct,20,87.6524265794056,87.6502310863418,-0.00219549306372926,0,-0.00250477157268468,0,0.329876800921124,NaN
A_8_semana,TODOS,Autoconsumo_pct,20,45.5954824389406,45.5941430777041,-0.00133936123654195,0,-0.00293748670898604,0,0.329876800921124,NaN
A_8_semana,TODOS,coste_H2_kg,20,3.11633217669612,3.11576025986268,-0.000571916833432029,0,-0.0183522423478734,1,0.329876800921124,NaN
A_8_semana,TODOS,kg_H2_EL,20,167.884805061268,167.885871451528,0.00106639025974857,0,0.00063519164784413,1,0.329876800921124,NaN
A_8_semana,TODOS,E_Comp,20,261.075556546122,261.256126624733,0.180570078611332,0,0.0691639159943463,0,0.329876800921124,NaN
A_8_semana,TODOS,t_run_El_pct,20,36.7335371469293,36.7624888186362,0.0289516717068921,0,0.0788153658905462,NaN,0.329876800921124,NaN
A_8_semana,TODOS,Conmutaciones_El,20,32.1,32.1,0,0,0,0,1,NaN
A_8_semana,TODOS,LOH_High_media,20,73.9158633635564,73.9876711570093,0.0718077934528882,0,0.0971480142221979,1,0.329876800921124,NaN
A_8_semana,TODOS,LOH_High_min,20,21.7995380237983,21.9231650376743,0.123627013876019,0,0.567108411843667,1,0.329876800921124,NaN
A_8_semana,TODOS,pct_tiempo_critico,20,38.8248365991458,38.7603277772358,-0.0645088219100167,0,-0.16615349235349,1,0.329876800921124,NaN
A_factor3,TODOS,Coste_Neto,4,-438.335033753515,389.302578427683,827.637612181198,804.13934229197,188.813931912774,0,0.0032400326396409,NaN
A_factor3,TODOS,Coste_corregido,4,-411.744495024921,536.009734926956,947.754229951877,922.296651465268,230.180182468381,0,0.00203627490307179,NaN
A_factor3,TODOS,Coste_total_H2,4,-407.744475504918,4431.90874682135,4839.65322232627,4821.63058863048,1186.93287415684,0,1.88658613367032e-05,NaN
A_factor3,TODOS,V_terminal,4,-26.5905387285947,-146.707156499274,-120.116617770679,-118.977232951711,-451.726905560996,0,0.00080145442984314,NaN
A_factor3,TODOS,E_Import_Red,4,1211.68650182934,5885.10465174427,4673.41814991493,4327.85295600647,385.695321591785,0,0.0120928256141803,NaN
A_factor3,TODOS,E_Export_Red,4,14459.8626057635,3519.94414230679,-10939.9184634567,-12366.7892402354,-75.6571397787431,NaN,0.0241535978554746,NaN
A_factor3,TODOS,Autarquia_pct,4,88.0294462827611,76.5302537390952,-11.4991925436659,-11.6032163255357,-13.0628931900004,0,0.02117239747913,NaN
A_factor3,TODOS,Autoconsumo_pct,4,43.3240967529507,87.861034673794,44.5369379208433,48.0273423019883,102.799460943892,4,0.00219343176123799,NaN
A_factor3,TODOS,coste_H2_kg,4,3.06409349744337,3.08904164681864,0.0249481493752723,-0.0386042149405641,0.81420979471053,2,0.928649242116819,NaN
A_factor3,TODOS,kg_H2_EL,4,160.923966040454,269.752071039336,108.828104998881,145.410157501519,67.6270338574201,3,0.120800668819038,NaN
A_factor3,TODOS,E_Comp,4,249.293387704612,6.67525610853165,-242.61813159608,-246.667462570878,-97.3223292563053,4,0.000103428880728673,NaN
A_factor3,TODOS,t_run_El_pct,4,35.4826628924225,62.1043119968386,26.6216491044162,33.396852849119,75.0272018341143,NaN,0.0676299977303372,NaN
A_factor3,TODOS,Conmutaciones_El,4,32.5,23,-9.5,-9.5,-29.2307692307692,4,0.00277963107647849,NaN
A_factor3,TODOS,LOH_High_media,4,73.5085336876468,3.82306451980315,-69.6854691678436,-72.0174788992839,-94.7991555156736,0,0.000169412340554898,NaN
A_factor3,TODOS,LOH_High_min,4,22.6161620644416,-36.8775237937634,-59.4936858582049,-65.5939940396011,-263.058275266538,0,0.0138076465878287,NaN
A_factor3,TODOS,pct_tiempo_critico,4,41.4862078601061,94.9018768156799,53.4156689555738,57.7699937665447,128.755245925814,0,0.00362331671889771,NaN
A_factorB,TODOS,Coste_Neto,4,-438.335033753515,46.1243272228691,484.459360976384,464.463805751544,110.52261938269,0,0.00220663454625858,NaN
A_factorB,TODOS,Coste_corregido,4,-411.744495024921,96.78404754177,508.528542566691,514.725390567149,123.505851009839,0,0.000483393890152062,NaN
A_factorB,TODOS,Coste_total_H2,4,-407.744475504918,479.625915800973,887.370391305891,551.620518697206,217.629040885727,0,0.0990157254923294,NaN
A_factorB,TODOS,V_terminal,4,-26.5905387285947,-50.6597203189009,-24.0691815903063,-13.245072109105,-90.5178410861717,1,0.448220495784914,NaN
A_factorB,TODOS,E_Import_Red,4,1211.68650182934,3255.86514983483,2044.17864800548,1834.63240646,168.705242232152,0,0.00667233119540223,NaN
A_factorB,TODOS,E_Export_Red,4,14459.8626057635,7985.50122616025,-6474.3613796032,-7010.28789294099,-44.7747088345268,NaN,0.00747528375560313,NaN
A_factorB,TODOS,Autarquia_pct,4,88.0294462827611,82.4351383031267,-5.59430797963436,-5.25413718691178,-6.35504165465812,0,0.0173072082593511,NaN
A_factorB,TODOS,Autoconsumo_pct,4,43.3240967529507,71.580347772424,28.2562510194733,28.3122711657212,65.2206350211996,4,0.000834017458588132,NaN
A_factorB,TODOS,coste_H2_kg,4,3.06409349744337,3.249912858899,0.185819361455633,0.211461327441698,6.06441551508392,1,0.261181467274674,NaN
A_factorB,TODOS,kg_H2_EL,4,160.923966040454,208.196739193557,47.2727731531023,65.0054415854814,29.375843956778,3,0.082006225905751,NaN
A_factorB,TODOS,E_Comp,4,249.293387704612,257.009433830989,7.71604612637684,65.3240106947038,3.09516678216897,1,0.912104114333806,NaN
A_factorB,TODOS,t_run_El_pct,4,35.4826628924225,46.8647125252769,11.3820496328544,13.3373622067424,32.0777774412336,NaN,0.0177071614397162,NaN
A_factorB,TODOS,Conmutaciones_El,4,32.5,33.25,0.75,0,2.30769230769231,2,0.76798613866158,NaN
A_factorB,TODOS,LOH_High_media,4,73.5085336876468,56.2659978643824,-17.2425358232643,-7.15524423537713,-23.4565090041538,0,0.225461913481092,NaN
A_factorB,TODOS,LOH_High_min,4,22.6161620644416,-5.97490674812355,-28.5910688125651,-27.7381062225077,-126.418747491722,0,0.00167995347730399,NaN
A_factorB,TODOS,pct_tiempo_critico,4,41.4862078601061,49.3741329792775,7.88792511917143,4.82431411323724,19.0133673961476,1,0.430608180179816,NaN
B_prima2_semana,TODOS,Coste_Neto,20,-390.84732222864,-389.825474002075,1.02184822656479,1.15563273380141,0.261444346282875,1,1.89101642302791e-05,0.000363481868201754
B_prima2_semana,TODOS,Coste_corregido,20,-376.72070143246,-375.606432206838,1.11426922562261,1.15580306304309,0.295781256879608,1,2.48128611124443e-06,0.000235745358564439
B_prima2_semana,TODOS,Coste_total_H2,20,-375.04069323406,-374.006424398837,1.03426883522261,1.06075408005545,0.275775096911185,1,1.32002964270406e-06,0.000235745358564439
B_prima2_semana,TODOS,V_terminal,20,-14.1266207961795,-14.2190417952373,-0.0924209990578055,-0.0882886478233988,-0.654232886910934,3,0.0703386937070256,0.0105491877123423
B_prima2_semana,TODOS,E_Import_Red,20,1320.32199568236,1335.04453827563,14.7225425932693,11.9176577394666,1.1150721294816,2,0.000418753489155765,0.000481928896718161
B_prima2_semana,TODOS,E_Export_Red,20,14013.8609636433,14028.483866477,14.6229028336516,11.0978999592362,0.104345996236072,NaN,0.000448470526331235,0.000553830376860923
B_prima2_semana,TODOS,Autarquia_pct,20,87.6524265794056,87.516124672051,-0.136301907354582,-0.108037408955155,-0.155502719860362,2,0.000422229749437175,0.000635624201131428
B_prima2_semana,TODOS,Autoconsumo_pct,20,45.5954824389406,45.5258789357803,-0.069603503160293,-0.0707872410313648,-0.152654384682743,2,0.00103658486861091,0.000953358041013402
B_prima2_semana,TODOS,coste_H2_kg,20,3.11633217669612,3.11640487713823,7.27004421142263e-05,0.000986487296973815,0.00233288487850811,9,0.966456810332506,0.588284480889313
B_prima2_semana,TODOS,kg_H2_EL,20,167.884805061268,167.892621760899,0.00781669963151472,0.000132985482736103,0.00465598993825683,11,0.0905031881696297,0.211064231877061
B_prima2_semana,TODOS,E_Comp,20,261.075556546122,261.262345526112,0.186788979990166,0.0566954143326512,0.0715459472580565,4,0.0205898833301053,0.00160712458710071
B_prima2_semana,TODOS,t_run_El_pct,20,36.7335371469293,36.7125302372185,-0.0210069097107962,-0.0118220704000116,-0.057187277192423,NaN,0.413426766704274,0.667686215745583
B_prima2_semana,TODOS,Conmutaciones_El,20,32.1,32.1,0,0,0,4,1,1
B_prima2_semana,TODOS,LOH_High_media,20,73.9158633635564,73.9928315353779,0.0769681718214418,0.0469108503006694,0.104129436252233,20,0.00077983756965283,9.56917315705946e-05
B_prima2_semana,TODOS,LOH_High_min,20,21.7995380237983,22.1274678894965,0.327929865698158,0.000477684271519507,1.5042973174026,10,0.169206830932894,0.165028888868398
B_prima2_semana,TODOS,pct_tiempo_critico,20,38.8248365991458,38.6995226529057,-0.125313946240167,-0.0849866319665455,-0.322767478802278,20,0.000883993825517182,9.56917315705946e-05
C,TODOS,Coste_Neto,20,-390.84732222864,-387.95602094371,2.89130128492968,3.22259211409714,0.739752102801491,6,0.0152394206822439,0.0144735765347585
C,TODOS,Coste_corregido,20,-376.72070143246,-379.027055112616,-2.30635368015643,-1.19084017603797,-0.612218460888039,13,0.0249497983732365,0.0382688764522297
C,TODOS,Coste_total_H2,20,-375.04069323406,-377.235046367657,-2.19435313359713,-1.19084017603797,-0.585097343617497,13,0.0675456431083914,0.0418880664903521
C,TODOS,V_terminal,20,-14.1266207961795,-8.92896583109338,5.19765496508612,4.4892921586703,36.7933353636264,20,4.16572976114082e-09,9.56917315705946e-05
C,TODOS,E_Import_Red,20,1320.32199568236,1375.20447654389,54.8824808615254,60.8177181209999,4.15674972021967,1,5.0013702445062e-05,0.000129926100333739
C,TODOS,E_Export_Red,20,14013.8609636433,14014.1459768652,0.285013221906956,-12.6138166280698,0.0020337951307379,NaN,0.977387972080262,1
C,TODOS,Autarquia_pct,20,87.6524265794056,87.1536614900863,-0.498765089319246,-0.413613564343322,-0.569025991388165,1,7.78992432102221e-05,0.000175476155215645
C,TODOS,Autoconsumo_pct,20,45.5954824389406,45.6148306846393,0.0193482456986441,0.0442585591901832,0.0424345673380129,11,0.731919053067405,0.837314554360899
C,TODOS,coste_H2_kg,20,3.11633217669612,3.17395267938784,0.0576205026917266,0.0574913160323229,1.84898462117138,0,6.87450096847897e-12,9.56917315705946e-05
C,TODOS,kg_H2_EL,20,167.884805061268,168.094334128166,0.209529066897933,0.000995239183652075,0.12480525966687,14,0.0680815204962515,0.0130419205139312
C,TODOS,E_Comp,20,261.075556546122,262.566477377164,1.49092083104191,0.761679016885097,0.571068716951494,5,0.00434584023590934,0.00108844053343019
C,TODOS,t_run_El_pct,20,36.7335371469293,37.7010537350302,0.967516588100879,0.984621387861459,2.63387809409952,NaN,6.56823062605838e-09,9.56917315705946e-05
C,TODOS,Conmutaciones_El,20,32.1,32.25,0.15,0,0.467289719626168,7,0.634155049665859,0.592162588779202
C,TODOS,LOH_High_media,20,73.9158633635564,74.5423471369684,0.626483773411929,0.452090075442165,0.847563357720057,20,3.78864388883571e-06,9.56917315705946e-05
C,TODOS,LOH_High_min,20,21.7995380237983,22.9305146270937,1.13097660329533,0.0636549091746557,5.1880760136323,13,0.0230518637737303,0.0080269529452589
C,TODOS,pct_tiempo_critico,20,38.8248365991458,38.0228289966452,-0.802007602500657,-0.600445435771435,-2.0657076056266,20,6.60912893746257e-07,9.56917315705946e-05
C_factor3,TODOS,Coste_Neto,4,-438.335033753515,408.114076856564,846.449110610079,842.582130578579,193.105511864255,0,0.00327131473657283,NaN
C_factor3,TODOS,Coste_corregido,4,-411.744495024921,544.657050348961,956.401545373881,949.894386092351,232.280347868645,0,0.00226047112822703,NaN
C_factor3,TODOS,Coste_total_H2,4,-407.744475504918,4440.03605970575,4847.78053521067,4827.58035935484,1188.92611094425,0,1.92863875227989e-05,NaN
C_factor3,TODOS,V_terminal,4,-26.5905387285947,-136.542973492397,-109.952434763802,-112.592614013833,-413.502095185318,0,0.000632198280528407,NaN
C_factor3,TODOS,E_Import_Red,4,1211.68650182934,6582.76416395556,5371.07766212622,4862.00151240599,443.272880734187,0,0.0168444552579361,NaN
C_factor3,TODOS,E_Export_Red,4,14459.8626057635,3587.31263285508,-10872.5499729084,-12192.5314234079,-75.1912398432801,NaN,0.0246112327621342,NaN
C_factor3,TODOS,Autarquia_pct,4,88.0294462827611,74.3940889404643,-13.6353573422968,-13.3562761202443,-15.4895411911355,0,0.025655518565149,NaN
C_factor3,TODOS,Autoconsumo_pct,4,43.3240967529507,87.5568405838879,44.2327438309372,47.5257689910858,102.097324920974,4,0.00181419347588063,NaN
C_factor3,TODOS,coste_H2_kg,4,3.06409349744337,3.02709089948481,-0.0370025979585614,-0.059017664587341,-1.20761974102408,2,0.895021534112931,NaN
C_factor3,TODOS,kg_H2_EL,4,160.923966040454,279.930358630112,119.006392589657,155.963339209068,73.9519386190995,3,0.0999645291683233,NaN
C_factor3,TODOS,E_Comp,4,249.293387704612,6.75690527762857,-242.536482426983,-246.65168699434,-97.2895770161241,4,0.00010185599890522,NaN
C_factor3,TODOS,t_run_El_pct,4,35.4826628924225,62.576326758719,27.0936638662965,33.9023910344064,76.3574705439668,NaN,0.0649171772007047,NaN
C_factor3,TODOS,Conmutaciones_El,4,32.5,21.5,-11,-10.5,-33.8461538461538,4,0.000577197676414398,NaN
C_factor3,TODOS,LOH_High_media,4,73.5085336876468,3.82593778326859,-69.6825959043782,-72.0163731251293,-94.7952467675035,0,0.000169251893942235,NaN
C_factor3,TODOS,LOH_High_min,4,22.6161620644416,-36.8770507628012,-59.4932128272428,-65.5990401836668,-263.056183704933,0,0.0138034688786246,NaN
C_factor3,TODOS,pct_tiempo_critico,4,41.4862078601061,94.9016701361274,53.4154622760214,57.7699937665447,128.754747737227,0,0.00362318106959725,NaN
C_factorB,TODOS,Coste_Neto,4,-438.335033753515,205.728939546866,644.063973300381,570.319967771184,146.934176760909,0,0.0169150961741451,NaN
C_factorB,TODOS,Coste_corregido,4,-411.744495024921,248.994666273905,660.739161298825,552.731964594801,160.473101470084,0,0.0239586783946615,NaN
C_factorB,TODOS,Coste_total_H2,4,-407.744475504918,263.394736545905,671.139212050823,552.731964594801,164.597990253513,0,0.0261432966820196,NaN
C_factorB,TODOS,V_terminal,4,-26.5905387285947,-43.2657267270392,-16.6751879984445,-5.92784140370872,-62.7109821604047,1,0.586007008594918,NaN
C_factorB,TODOS,E_Import_Red,4,1211.68650182934,4661.89076171923,3450.20425988989,2827.75330721842,284.743970877033,0,0.0340313460544921,NaN
C_factorB,TODOS,E_Export_Red,4,14459.8626057635,8339.71241934076,-6120.15018642269,-6772.50571795546,-42.3250922452286,NaN,0.0102503423773861,NaN
C_factorB,TODOS,Autarquia_pct,4,88.0294462827611,76.2855006719189,-11.7439456108422,-9.30761302562877,-13.3409286400817,0,0.0475905667013934,NaN
C_factorB,TODOS,Autoconsumo_pct,4,43.3240967529507,69.5908065097518,26.2667097568012,25.4921660154899,60.6284071115972,4,0.000500844648715137,NaN
C_factorB,TODOS,coste_H2_kg,4,3.06409349744337,3.5625877402493,0.498494242805935,0.354204969797031,16.2688979047758,0,0.0809078477843597,NaN
C_factorB,TODOS,kg_H2_EL,4,160.923966040454,225.424566997636,64.5006009571815,65.0409727809782,40.0814139399018,4,2.15701021559767e-05,NaN
C_factorB,TODOS,E_Comp,4,249.293387704612,319.212421748488,69.9190340438762,74.3106404190199,28.0468867175584,0,0.00958115569724804,NaN
C_factorB,TODOS,t_run_El_pct,4,35.4826628924225,49.732432651401,14.2497697589786,14.0420568087685,40.1598093192202,NaN,0.000312769880812303,NaN
C_factorB,TODOS,Conmutaciones_El,4,32.5,38,5.5,4.5,16.9230769230769,0,0.0991140291537471,NaN
C_factorB,TODOS,LOH_High_media,4,73.5085336876468,67.3039148963623,-6.20461879128442,-5.32867899189812,-8.44067821791841,0,0.0672612389200453,NaN
C_factorB,TODOS,LOH_High_min,4,22.6161620644416,-0.442107936544647,-23.0582700009862,-27.7699498553257,-101.954831837891,0,0.0557292420474471,NaN
C_factorB,TODOS,pct_tiempo_critico,4,41.4862078601061,42.4346189903787,0.948411130272602,1.76545673700936,2.28608778481441,2,0.874290872155959,NaN
E,TODOS,Coste_Neto,20,-390.84732222864,-458.658792681884,-67.8114704532441,-71.2786143212225,-17.3498618505503,20,1.26655648191587e-08,9.56917315705946e-05
E,TODOS,Coste_corregido,20,-376.72070143246,-433.58173427605,-56.86103284359,-53.8469884518149,-15.0936841610718,20,4.63814764373183e-09,9.56917315705946e-05
E,TODOS,Coste_total_H2,20,-375.04069323406,-427.43770429333,-52.3970110592704,-46.9307104695814,-13.9710202131506,20,7.61525533743423e-08,9.56917315705946e-05
E,TODOS,V_terminal,20,-14.1266207961795,-25.0770584058336,-10.9504376096541,-8.45809625811429,-77.5163272777567,3,0.00489546664868956,0.000315046961090167
E,TODOS,E_Import_Red,20,1320.32199568236,602.95462243271,-717.367373249655,-667.101042289648,-54.3327594022932,20,9.09003983196044e-10,9.56917315705946e-05
E,TODOS,E_Export_Red,20,14013.8609636433,13416.7387196975,-597.122243945792,-558.199652720282,-4.2609402611809,NaN,8.13668687982272e-10,9.56917315705946e-05
E,TODOS,Autarquia_pct,20,87.6524265794056,94.3473617475497,6.6949351681441,6.28229488319876,7.63804885889732,20,1.05691411178555e-09,9.56917315705946e-05
E,TODOS,Autoconsumo_pct,20,45.5954824389406,48.682473777296,3.08699133835539,2.48573832388604,6.77038858507386,20,1.79143122913672e-06,9.56917315705946e-05
E,TODOS,coste_H2_kg,20,3.11633217669612,3.00111277800226,-0.115219398693855,-0.111883127599255,-3.6972759051639,19,3.89795703337192e-06,0.000553830376860923
E,TODOS,kg_H2_EL,20,167.884805061268,166.972524289204,-0.912280772063448,-0.363081824096838,-0.54339686770969,3,0.00473809896289179,0.00072854180016988
E,TODOS,E_Comp,20,261.075556546122,253.811482316798,-7.26407422932434,-2.47724760042469,-2.78236473970364,18,0.0290770669862901,0.000151093078387285
E,TODOS,t_run_El_pct,20,36.7335371469293,36.9395553248093,0.206018177879998,0.207340927015665,0.560844922327931,NaN,0.349223498216221,0.322508682620795
E,TODOS,Conmutaciones_El,20,32.1,31.55,-0.55,0,-1.71339563862928,8,0.224595744783219,0.247324778343984
E,TODOS,LOH_High_media,20,73.9158633635564,71.5278913036964,-2.38797205986004,-1.4839262385413,-3.23066247378422,0,0.00119926486665833,9.56917315705946e-05
E,TODOS,LOH_High_min,20,21.7995380237983,18.4468390627788,-3.35269896101955,-2.38399972239529,-15.3796789517257,2,0.000620017039666854,0.000672715036471695
E,TODOS,pct_tiempo_critico,20,38.8248365991458,42.72316017996,3.89832358081418,2.05646154685591,10.0407984225746,0,0.000818753458706079,9.56917315705946e-05
E0,TODOS,Coste_Neto,20,-390.84732222864,-454.182875913053,-63.3355536844137,-68.162472734753,-16.204678932753,20,2.1329049193497e-08,9.56917315705946e-05
E0,TODOS,Coste_corregido,20,-376.72070143246,-427.694644629104,-50.973943196644,-50.6642331083671,-13.530964187213,20,9.30182841862859e-09,9.56917315705946e-05
E0,TODOS,Coste_total_H2,20,-375.04069323406,-422.214617886704,-47.1739246526444,-45.4041127802337,-12.5783482975816,20,1.45348221680663e-07,9.56917315705946e-05
E0,TODOS,V_terminal,20,-14.1266207961795,-26.4882312839492,-12.3616104877697,-10.2403996012206,-87.5057854679083,0,0.0013201348220373,9.56917315705946e-05
E0,TODOS,E_Import_Red,20,1320.32199568236,648.466070589898,-671.855925092467,-637.70136572053,-50.8857632675611,20,5.16080622681159e-09,9.56917315705946e-05
E0,TODOS,E_Export_Red,20,14013.8609636433,13451.8252226607,-562.035740982583,-554.612515021166,-4.01057026640049,NaN,3.21361226518491e-09,9.56917315705946e-05
E0,TODOS,Autarquia_pct,20,87.6524265794056,93.9411643694948,6.28873779008924,5.9171135977733,7.17463056700681,20,6.36093377970326e-09,9.56917315705946e-05
E0,TODOS,Autoconsumo_pct,20,45.5954824389406,48.5143598234611,2.91887738452044,2.35407571280317,6.40168110608164,20,2.17556966353172e-06,9.56917315705946e-05
E0,TODOS,coste_H2_kg,20,3.11633217669612,3.05357006405959,-0.0627621126365313,-0.0631459282969793,-2.0139737703787,17,0.00132730807125636,0.00207038653113262
E0,TODOS,kg_H2_EL,20,167.884805061268,167.504365539248,-0.380439522019616,-0.000391388587871688,-0.226607477597974,6,0.0987000593199689,0.0216782152709683
E0,TODOS,E_Comp,20,261.075556546122,254.903855106316,-6.17170143980652,-2.210860125262,-2.36395222955934,19,0.0269314935846083,0.000129926100333739
E0,TODOS,t_run_El_pct,20,36.7335371469293,36.2153501730321,-0.518186973897199,-0.381282438355758,-1.41066451571086,NaN,6.95333203564186e-05,0.000129926100333739
E0,TODOS,Conmutaciones_El,20,32.1,31.55,-0.55,-0.5,-1.71339563862928,10,0.102067338561221,0.121163343204996
E0,TODOS,LOH_High_media,20,73.9158633635564,72.0165964758988,-1.89926688765768,-1.09925377104457,-2.56949834748747,0,0.00130593893255426,9.56917315705946e-05
E0,TODOS,LOH_High_min,20,21.7995380237983,19.1426611681731,-2.6568768556252,-0.585814289813957,-12.1877667899417,3,0.00298414994510554,0.00265603082309645
E0,TODOS,pct_tiempo_critico,20,38.8248365991458,42.4028316752122,3.57799507606634,1.89153126400254,9.21573762951796,0,0.00041309456754135,9.56917315705946e-05
E0_8,TODOS,Coste_Neto,20,-390.84732222864,-454.211977735671,-63.3646555070316,-68.162472734753,-16.2121247615877,20,2.13183100061798e-08,9.56917315705946e-05
E0_8,TODOS,Coste_corregido,20,-376.72070143246,-427.720933765837,-51.0002323333772,-50.9271244756992,-13.5379426029553,20,9.2265102225042e-09,9.56917315705946e-05
E0_8,TODOS,Coste_total_H2,20,-375.04069323406,-422.304907335757,-47.2642141016976,-45.4041127802337,-12.6024228715364,20,1.34501826787314e-07,9.56917315705946e-05
E0_8,TODOS,V_terminal,20,-14.1266207961795,-26.4910439698339,-12.3644231736544,-10.2403996012206,-87.5256960036638,0,0.00131961363038213,9.56917315705946e-05
E0_8,TODOS,E_Import_Red,20,1320.32199568236,648.488246330862,-671.833749351503,-637.479608310893,-50.884083696893,20,5.16388487525887e-09,9.56917315705946e-05
E0_8,TODOS,E_Export_Red,20,14013.8609636433,13451.8694202981,-561.991543345186,-554.612515021166,-4.01025488124352,NaN,3.22552007325783e-09,9.56917315705946e-05
E0_8,TODOS,Autarquia_pct,20,87.6524265794056,93.9409588604963,6.28853228109076,5.9171135977733,7.17439610801179,20,6.36652242036462e-09,9.56917315705946e-05
E0_8,TODOS,Autoconsumo_pct,20,45.5954824389406,48.5140006927545,2.91851825381382,2.35407571280317,6.40089346071107,20,2.17891181031327e-06,9.56917315705946e-05
E0_8,TODOS,coste_H2_kg,20,3.11633217669612,3.05409530371611,-0.0622368729800045,-0.0631459282969793,-1.9971193522119,17,0.00172865347368067,0.00234534072287745
E0_8,TODOS,kg_H2_EL,20,167.884805061268,167.50432164318,-0.38048341808758,-0.000391388587871688,-0.226633624138126,6,0.0986990865466622,0.0216782152709683
E0_8,TODOS,E_Comp,20,261.075556546122,254.951683399664,-6.12387314645815,-2.210860125262,-2.34563251630043,19,0.025758543806522,0.000129926100333739
E0_8,TODOS,t_run_El_pct,20,36.7335371469293,36.238556153181,-0.494980993748357,-0.381282438355758,-1.34749069159471,NaN,3.48384077739627e-05,0.000129926100333739
E0_8,TODOS,Conmutaciones_El,20,32.1,31.6,-0.5,-0.5,-1.55763239875389,10,0.153586670831697,0.187795669331835
E0_8,TODOS,LOH_High_media,20,73.9158633635564,72.0310897220143,-1.88477364154211,-1.09925377104457,-2.54989058610034,0,0.00113100338869243,9.56917315705946e-05
E0_8,TODOS,LOH_High_min,20,21.7995380237983,19.1544725990307,-2.64506542476766,-0.585814289813957,-12.1335847662463,3,0.00297992405298531,0.00265603082309645
E0_8,TODOS,pct_tiempo_critico,20,38.8248365991458,42.4010624982432,3.57622589909739,1.89153126400254,9.21118081196527,0,0.00040967565667871,9.56917315705946e-05
E_8,TODOS,Coste_Neto,20,-390.84732222864,-458.644135876765,-67.7968136481251,-71.2786143212225,-17.3461118427377,20,1.26511650044847e-08,9.56917315705946e-05
E_8,TODOS,Coste_corregido,20,-376.72070143246,-433.565958676985,-56.8452572445251,-53.8469884518149,-15.0894965496651,20,4.64480320871985e-09,9.56917315705946e-05
E_8,TODOS,Coste_total_H2,20,-375.04069323406,-427.421928694265,-52.3812354602056,-46.9307104695814,-13.9668138431887,20,7.70257784221684e-08,9.56917315705946e-05
E_8,TODOS,V_terminal,20,-14.1266207961795,-25.0781771997794,-10.9515564035999,-8.45809625811429,-77.5242470340942,3,0.0048939724360304,0.000315046961090167
E_8,TODOS,E_Import_Red,20,1320.32199568236,603.586325043862,-716.735670638503,-667.101042289648,-54.2849148148957,20,9.18542575334413e-10,9.56917315705946e-05
E_8,TODOS,E_Export_Red,20,14013.8609636433,13417.3619564752,-596.499007168077,-558.199652720282,-4.25649297303289,NaN,8.5614715317206e-10,9.56917315705946e-05
E_8,TODOS,Autarquia_pct,20,87.6524265794056,94.3418336106441,6.68940703123855,6.27984901453015,7.63174197485396,20,1.07837383467313e-09,9.56917315705946e-05
E_8,TODOS,Autoconsumo_pct,20,45.5954824389406,48.6774096273199,3.08192718837924,2.48573832388604,6.75928189268841,20,1.82114024971369e-06,9.56917315705946e-05
E_8,TODOS,coste_H2_kg,20,3.11633217669612,3.00164696047733,-0.114685216218788,-0.111883127599255,-3.6801345208448,19,5.43216568016369e-06,0.00072854180016988
E_8,TODOS,kg_H2_EL,20,167.884805061268,166.972555569603,-0.912249491664892,-0.363081824096838,-0.543378235649126,3,0.00473714591574526,0.00072854180016988
E_8,TODOS,E_Comp,20,261.075556546122,253.861836765246,-7.2137197808766,-2.47724760042469,-2.76307743103564,18,0.0279751916495055,0.000151093078387285
E_8,TODOS,t_run_El_pct,20,36.7335371469293,36.9608681202577,0.227330973328418,0.207340927015665,0.618864914693958,NaN,0.290888285979397,0.30458604753525
E_8,TODOS,Conmutaciones_El,20,32.1,31.6,-0.5,0,-1.55763239875389,8,0.280535295946525,0.313628453103726
E_8,TODOS,LOH_High_media,20,73.9158633635564,71.5432257087582,-2.37263765479824,-1.4839262385413,-3.20991671723887,0,0.0010562994449741,9.56917315705946e-05
E_8,TODOS,LOH_High_min,20,21.7995380237983,18.4465607288002,-3.35297729499809,-2.38399972239529,-15.3809557401523,2,0.000620096790851399,0.000672715036471695
E_8,TODOS,pct_tiempo_critico,20,38.8248365991458,42.7214984763583,3.8966618772125,2.05646154685591,10.0365184210414,0,0.000812911812812844,9.56917315705946e-05
E_sinLSTM,TODOS,Coste_Neto,20,-390.84732222864,-458.658792681884,-67.8114704532441,-71.2786143212225,-17.3498618505503,20,1.26655648191587e-08,9.56917315705946e-05
E_sinLSTM,TODOS,Coste_corregido,20,-376.72070143246,-433.58173427605,-56.86103284359,-53.8469884518149,-15.0936841610718,20,4.63814764373183e-09,9.56917315705946e-05
E_sinLSTM,TODOS,Coste_total_H2,20,-375.04069323406,-427.43770429333,-52.3970110592704,-46.9307104695814,-13.9710202131506,20,7.61525533743423e-08,9.56917315705946e-05
E_sinLSTM,TODOS,V_terminal,20,-14.1266207961795,-25.0770584058336,-10.9504376096541,-8.45809625811429,-77.5163272777567,3,0.00489546664868956,0.000315046961090167
E_sinLSTM,TODOS,E_Import_Red,20,1320.32199568236,602.95462243271,-717.367373249655,-667.101042289648,-54.3327594022932,20,9.09003983196044e-10,9.56917315705946e-05
E_sinLSTM,TODOS,E_Export_Red,20,14013.8609636433,13416.7387196975,-597.122243945792,-558.199652720282,-4.2609402611809,NaN,8.13668687982272e-10,9.56917315705946e-05
E_sinLSTM,TODOS,Autarquia_pct,20,87.6524265794056,94.3473617475497,6.6949351681441,6.28229488319876,7.63804885889732,20,1.05691411178555e-09,9.56917315705946e-05
E_sinLSTM,TODOS,Autoconsumo_pct,20,45.5954824389406,48.682473777296,3.08699133835539,2.48573832388604,6.77038858507386,20,1.79143122913672e-06,9.56917315705946e-05
E_sinLSTM,TODOS,coste_H2_kg,20,3.11633217669612,3.00111277800226,-0.115219398693855,-0.111883127599255,-3.6972759051639,19,3.89795703337192e-06,0.000553830376860923
E_sinLSTM,TODOS,kg_H2_EL,20,167.884805061268,166.972524289204,-0.912280772063448,-0.363081824096838,-0.54339686770969,3,0.00473809896289179,0.00072854180016988
E_sinLSTM,TODOS,E_Comp,20,261.075556546122,253.811482316798,-7.26407422932434,-2.47724760042469,-2.78236473970364,18,0.0290770669862901,0.000151093078387285
E_sinLSTM,TODOS,t_run_El_pct,20,36.7335371469293,36.9395553248093,0.206018177879998,0.207340927015665,0.560844922327931,NaN,0.349223498216221,0.322508682620795
E_sinLSTM,TODOS,Conmutaciones_El,20,32.1,31.55,-0.55,0,-1.71339563862928,8,0.224595744783219,0.247324778343984
E_sinLSTM,TODOS,LOH_High_media,20,73.9158633635564,71.5278913036964,-2.38797205986004,-1.4839262385413,-3.23066247378422,0,0.00119926486665833,9.56917315705946e-05
E_sinLSTM,TODOS,LOH_High_min,20,21.7995380237983,18.4468390627788,-3.35269896101955,-2.38399972239529,-15.3796789517257,2,0.000620017039666854,0.000672715036471695
E_sinLSTM,TODOS,pct_tiempo_critico,20,38.8248365991458,42.72316017996,3.89832358081418,2.05646154685591,10.0407984225746,0,0.000818753458706079,9.56917315705946e-05
E_sinLSTM_8,TODOS,Coste_Neto,20,-390.84732222864,-458.644135876765,-67.7968136481251,-71.2786143212225,-17.3461118427377,20,1.26511650044847e-08,9.56917315705946e-05
E_sinLSTM_8,TODOS,Coste_corregido,20,-376.72070143246,-433.565958676985,-56.8452572445251,-53.8469884518149,-15.0894965496651,20,4.64480320871985e-09,9.56917315705946e-05
E_sinLSTM_8,TODOS,Coste_total_H2,20,-375.04069323406,-427.421928694265,-52.3812354602056,-46.9307104695814,-13.9668138431887,20,7.70257784221684e-08,9.56917315705946e-05
E_sinLSTM_8,TODOS,V_terminal,20,-14.1266207961795,-25.0781771997794,-10.9515564035999,-8.45809625811429,-77.5242470340942,3,0.0048939724360304,0.000315046961090167
E_sinLSTM_8,TODOS,E_Import_Red,20,1320.32199568236,603.586325043862,-716.735670638503,-667.101042289648,-54.2849148148957,20,9.18542575334413e-10,9.56917315705946e-05
E_sinLSTM_8,TODOS,E_Export_Red,20,14013.8609636433,13417.3619564752,-596.499007168077,-558.199652720282,-4.25649297303289,NaN,8.5614715317206e-10,9.56917315705946e-05
E_sinLSTM_8,TODOS,Autarquia_pct,20,87.6524265794056,94.3418336106441,6.68940703123855,6.27984901453015,7.63174197485396,20,1.07837383467313e-09,9.56917315705946e-05
E_sinLSTM_8,TODOS,Autoconsumo_pct,20,45.5954824389406,48.6774096273199,3.08192718837924,2.48573832388604,6.75928189268841,20,1.82114024971369e-06,9.56917315705946e-05
E_sinLSTM_8,TODOS,coste_H2_kg,20,3.11633217669612,3.00164696047733,-0.114685216218788,-0.111883127599255,-3.6801345208448,19,5.43216568016369e-06,0.00072854180016988
E_sinLSTM_8,TODOS,kg_H2_EL,20,167.884805061268,166.972555569603,-0.912249491664892,-0.363081824096838,-0.543378235649126,3,0.00473714591574526,0.00072854180016988
E_sinLSTM_8,TODOS,E_Comp,20,261.075556546122,253.861836765246,-7.2137197808766,-2.47724760042469,-2.76307743103564,18,0.0279751916495055,0.000151093078387285
E_sinLSTM_8,TODOS,t_run_El_pct,20,36.7335371469293,36.9608681202577,0.227330973328418,0.207340927015665,0.618864914693958,NaN,0.290888285979397,0.30458604753525
E_sinLSTM_8,TODOS,Conmutaciones_El,20,32.1,31.6,-0.5,0,-1.55763239875389,8,0.280535295946525,0.313628453103726
E_sinLSTM_8,TODOS,LOH_High_media,20,73.9158633635564,71.5432257087582,-2.37263765479824,-1.4839262385413,-3.20991671723887,0,0.0010562994449741,9.56917315705946e-05
E_sinLSTM_8,TODOS,LOH_High_min,20,21.7995380237983,18.4465607288002,-3.35297729499809,-2.38399972239529,-15.3809557401523,2,0.000620096790851399,0.000672715036471695
E_sinLSTM_8,TODOS,pct_tiempo_critico,20,38.8248365991458,42.7214984763583,3.8966618772125,2.05646154685591,10.0365184210414,0,0.000812911812812844,9.56917315705946e-05
